{
    "CTCF_facestall": {
        "A": 1.0,
        "B": 1.0
    },
    "CTCF_backstall": {
        "A": 0,
        "B": 0
    },
    "CTCF_on_rate": {
        "A": 0.1,
        "B": 0.1
    },
    "CTCF_off_rate": {
        "A": 0.001,
        "B": 0.001
    },
    "LEF_on_rate": {
        "A": 0.0022592978797358358,
        "B": 0.0022592978797358358
    },
    "LEF_off_rate": {
        "A": 0.0012165450121654502,
        "B": 0.0012165450121654502
    },
    "LEF_stalled_off_rate": {
        "A": 0.0012165450121654502,
        "B": 0.0012165450121654502
    },
    "LEF_diffusion_rate": {
        "A": 0,
        "B": 0
    },
    "LEF_pause": {
        "A": 0,
        "B": 0
    },
    "LEF_states": {},
    "LEF_transition_rates": {},
    "LEF_separation": 30,
    "mode": "symmetric",
    "sites_per_monomer": 1,
    "monomers_per_replica": 30000,
    "number_of_replica": 1,
    "steps": 1000,
    "dummy_steps": 500,
    "velocity_multiplier": 0.2,
    "3D_to_1D_steps": 200
}
